,PassengerId,Survived,Pclass,Name,Sex,Age,SibSp,Parch,Ticket,Fare,Cabin,Embarked,Age stages
0,1,0,3,109,2,22.0,1,0,524,7.25,82,3,2
1,2,1,1,191,1,NaN,1,0,597,71.2833,82,1,2
2,3,1,3,354,1,26.0,0,0,670,7.925,56,3,2
3,4,1,1,273,1,35.0,1,0,50,53.1,56,3,2
4,5,0,3,16,2,35.0,0,0,473,8.05,130,3,2
5,6,0,3,555,2,28.0,0,0,276,8.4583,130,2,2
6,7,0,1,516,2,NaN,0,0,86,51.8625,130,3,2
7,8,0,3,625,2,NaN,3,1,396,21.075,146,3,1
8,9,1,3,413,1,27.0,0,2,345,11.1333,146,3,2
9,10,1,2,577,1,14.0,1,0,133,30.0708,146,1,1
10,11,1,3,728,1,4.0,1,1,617,16.7,146,3,1
11,12,1,1,96,1,58.0,0,0,39,26.55,50,3,2
12,13,0,3,730,2,20.0,0,0,536,8.05,112,3,2
13,14,0,3,29,2,39.0,1,5,334,31.275,112,3,2
14,15,0,3,841,1,14.0,0,0,414,7.8542,112,3,1
15,16,1,2,360,1,NaN,0,0,154,16.0,112,3,2
16,17,0,3,683,2,NaN,4,1,481,29.125,112,2,1
17,18,1,2,868,2,28.0,0,0,152,13.0,112,3,2
18,19,0,3,840,1,31.0,1,0,302,18.0,112,3,2
19,20,1,3,513,1,28.0,0,0,185,7.225,112,1,2
20,21,0,2,274,2,35.0,0,0,140,26.0,112,3,2
21,22,1,2,81,2,34.0,0,0,153,13.0,112,3,2
22,23,1,3,524,1,15.0,0,0,279,8.0292,14,2,1
23,24,1,1,766,2,28.0,0,0,43,35.5,14,3,2
24,25,0,3,627,1,8.0,3,1,396,21.075,64,3,1
25,26,1,3,45,1,NaN,1,5,330,31.3875,64,3,2
26,27,0,3,241,2,28.0,0,0,180,7.225,64,1,2
27,28,0,1,261,2,19.0,3,2,96,263.0,64,3,2
28,29,1,3,606,1,28.0,0,0,284,7.8792,42,2,2
29,30,0,3,814,2,28.0,0,0,363,7.8958,42,3,2
30,31,0,1,829,2,40.0,0,0,599,27.7208,42,1,2
31,32,1,1,777,1,28.0,1,0,587,146.5208,42,1,2
32,33,1,3,290,1,28.0,0,0,289,7.75,102,2,2
33,34,0,2,857,2,66.0,0,0,550,10.5,102,3,2
34,35,0,1,536,2,28.0,1,0,601,82.1708,102,1,2
35,36,0,1,373,2,42.0,1,0,44,52.0,102,3,2
36,37,1,3,506,2,28.0,0,0,203,7.2292,102,1,2
37,38,0,3,135,2,21.0,0,0,515,8.05,102,3,2
38,39,0,3,838,1,18.0,2,0,303,18.0,102,3,1
39,40,1,3,590,1,14.0,1,0,187,11.2417,102,1,1
40,41,0,3,8,1,40.0,1,0,508,9.475,102,3,2
41,42,0,2,828,1,27.0,1,0,54,21.0,102,3,2
42,43,0,3,447,2,28.0,0,0,392,7.8958,102,1,2
43,44,1,2,457,1,NaN,1,2,635,41.5792,102,1,1
44,45,1,3,213,1,19.0,0,0,283,7.8792,102,2,2
45,46,0,3,698,2,28.0,0,0,618,8.05,102,3,2
46,47,0,3,474,2,28.0,1,0,463,15.5,102,2,2
47,48,1,3,605,1,28.0,0,0,77,7.75,102,2,2
48,49,0,3,727,2,28.0,2,0,191,21.6792,102,1,2
49,50,0,3,39,1,18.0,1,0,378,17.8,102,3,1
50,51,0,3,630,2,7.0,4,1,250,39.6875,102,3,1
51,52,0,3,595,2,21.0,0,0,523,7.8,102,3,2
52,53,1,1,334,1,49.0,1,0,588,76.7292,102,1,2
53,54,1,2,247,1,NaN,1,0,240,26.0,24,3,2
54,55,0,1,621,2,65.0,0,1,30,61.9792,24,1,2
55,56,1,1,874,2,28.0,0,0,95,35.5,72,3,2
56,57,1,2,708,1,21.0,0,0,556,10.5,22,3,2
57,58,0,3,596,2,28.5,0,0,216,7.2292,22,1,2
58,59,1,2,854,1,5.0,1,2,562,27.75,22,3,1
59,60,0,3,300,2,11.0,5,2,567,46.9,22,3,1
60,61,0,3,750,2,22.0,0,0,198,7.2292,22,1,2
61,62,1,1,386,1,NaN,0,0,33,80.0,22,4,2
62,63,0,1,338,2,45.0,1,0,458,83.475,81,3,2
63,64,0,3,756,2,4.0,3,2,338,27.9,143,3,1
64,65,0,1,785,2,28.0,0,0,602,27.7208,143,1,2
65,66,1,3,561,2,28.0,1,1,190,15.2458,143,1,2
66,67,1,2,597,1,NaN,0,0,554,10.5,143,3,2
67,68,0,3,186,2,19.0,0,0,624,8.1583,141,3,2
68,69,1,3,26,1,NaN,4,2,249,7.925,141,3,1
69,70,0,3,441,2,26.0,2,0,271,8.6625,141,3,2
70,71,0,2,397,2,32.0,0,0,558,10.5,141,3,2
71,72,0,3,301,1,16.0,5,2,567,46.9,141,3,1
72,73,0,2,377,2,21.0,0,0,622,73.5,141,3,2
73,74,0,3,162,2,26.0,1,0,205,14.4542,141,1,2
74,75,1,3,88,2,32.0,0,0,81,56.4958,141,3,2
75,76,0,3,547,2,25.0,0,0,348,7.65,141,3,2
76,77,0,3,779,2,28.0,0,0,356,7.8958,64,3,2
77,78,0,3,564,2,28.0,0,0,474,8.05,64,3,2
78,79,1,2,128,2,NaN,0,2,159,29.0,64,3,1
79,80,1,3,224,1,30.0,0,0,433,12.475,64,3,2
80,81,0,3,843,2,22.0,0,0,305,9.0,64,3,2
81,82,1,3,738,2,NaN,0,0,312,9.5,64,3,2
82,83,1,3,520,1,28.0,0,0,281,7.7875,64,2,2
83,84,0,1,142,2,28.0,0,0,26,47.1,64,3,2
84,85,1,2,387,1,NaN,0,0,638,10.5,64,3,1
85,86,1,3,53,1,33.0,3,0,248,15.85,64,3,2
86,87,0,3,256,2,16.0,1,3,677,34.375,64,3,1
87,88,0,3,765,2,28.0,0,0,653,8.05,64,3,2
88,89,1,1,260,1,23.0,3,2,96,263.0,64,3,2
89,90,0,3,150,2,24.0,0,0,298,8.05,123,3,2
90,91,0,3,160,2,NaN,0,0,299,8.05,123,3,2
91,92,0,3,32,2,20.0,0,0,342,7.8542,123,3,2
92,93,0,1,151,2,46.0,1,0,679,61.175,123,3,2
93,94,0,3,210,2,26.0,1,2,549,20.575,13,3,2
94,95,0,3,185,2,59.0,0,0,429,7.25,13,3,2
95,96,0,3,741,2,28.0,0,0,476,8.05,13,3,2
96,97,0,1,293,2,71.0,0,0,608,34.6542,13,1,2
97,98,1,1,309,2,23.0,0,1,613,63.3583,92,1,2
98,99,1,2,220,1,34.0,0,1,118,23.0,99,3,2
99,100,0,2,423,2,34.0,1,0,151,26.0,99,3,2
100,101,0,3,657,1,28.0,0,0,385,7.8958,99,3,2
101,102,0,3,659,2,28.0,0,0,362,7.8958,99,3,2
102,103,0,1,859,2,21.0,0,1,418,77.2875,99,3,2
103,104,0,3,406,2,33.0,0,0,506,8.6542,53,3,2
104,105,0,3,313,2,37.0,2,0,246,7.925,53,3,2
105,106,0,3,543,2,28.0,0,0,355,7.8958,53,3,2
106,107,1,3,725,1,21.0,0,0,297,7.65,53,3,2
107,108,1,3,560,2,28.0,0,0,255,7.775,53,3,2
108,109,0,3,676,2,NaN,0,0,389,7.8958,53,3,2
109,110,1,3,553,1,28.0,1,0,470,24.15,53,2,2
110,111,0,1,668,2,47.0,0,0,3,52.0,53,3,2
111,112,0,3,883,1,NaN,1,0,194,14.4542,37,1,1
112,113,0,3,68,2,22.0,0,0,275,8.05,37,3,2
113,114,0,3,418,1,20.0,1,0,492,9.825,37,3,2
114,115,0,3,47,1,NaN,0,0,177,14.4583,37,1,1
115,116,0,3,646,2,21.0,0,0,667,7.925,37,3,2
116,117,0,3,179,2,70.5,0,0,461,7.75,37,2,2
117,118,0,2,827,2,NaN,1,0,54,21.0,37,3,2
118,119,0,1,71,2,24.0,0,1,586,247.5208,37,1,2
119,120,0,3,25,1,NaN,4,2,334,31.275,117,3,1
120,121,0,2,363,2,21.0,2,0,622,73.5,117,3,2
121,122,0,3,552,2,28.0,0,0,541,8.05,117,3,2
122,123,0,2,576,2,32.5,1,0,133,30.0708,117,1,2
123,124,1,2,849,1,32.5,0,0,220,13.0,117,3,2
124,125,0,1,858,2,NaN,0,1,418,77.2875,99,3,2
125,126,1,3,589,2,NaN,1,0,187,11.2417,139,1,1
126,127,0,3,526,2,28.0,0,0,464,7.75,139,2,2
127,128,1,3,500,2,24.0,0,0,542,7.1417,139,3,2
128,129,1,3,654,1,28.0,1,1,197,22.3583,139,1,2
129,130,0,3,235,2,45.0,0,0,319,6.975,108,3,2
130,131,0,3,226,2,33.0,0,0,381,7.8958,108,1,2
131,132,0,3,166,2,20.0,0,0,641,7.05,108,3,2
132,133,0,3,696,1,47.0,1,0,538,14.5,108,3,2
133,134,1,2,852,1,NaN,1,0,112,26.0,108,3,2
134,135,0,2,773,2,25.0,0,0,553,13.0,108,3,2
135,136,0,2,686,2,23.0,0,0,631,15.0458,108,1,2
136,137,1,1,586,1,19.0,0,2,56,26.2833,108,3,2
137,138,0,1,272,2,37.0,1,0,50,53.1,56,3,2
138,139,0,3,619,2,16.0,0,0,505,9.2167,46,3,1
139,140,0,1,283,2,24.0,0,0,593,79.2,46,1,2
140,141,0,3,100,1,28.0,0,2,204,15.2458,142,1,2
141,142,1,3,598,1,22.0,0,0,333,7.75,142,3,2
142,143,1,3,320,1,24.0,1,0,669,15.85,142,3,2
143,144,0,3,117,2,19.0,0,0,439,6.75,142,2,2
144,145,0,2,33,2,18.0,0,0,119,11.5,142,3,1
145,146,0,2,587,2,19.0,1,1,559,36.75,142,3,2
146,147,1,3,30,2,27.0,0,0,406,7.7958,142,3,2
147,148,0,3,255,1,9.0,2,2,677,34.375,142,3,1
148,149,0,2,581,2,36.5,0,2,114,26.0,142,3,2
149,150,0,2,122,2,42.0,0,0,148,13.0,62,3,2
150,151,0,2,69,2,51.0,0,0,623,12.525,62,3,2
151,152,1,1,644,1,22.0,1,0,37,66.6,62,3,2
152,153,0,3,533,2,55.5,0,0,517,8.05,124,3,2
153,154,0,3,890,2,40.5,0,2,539,14.5,124,3,2
154,155,0,3,613,2,28.0,0,0,574,7.3125,124,3,2
155,156,0,1,867,2,51.0,0,1,596,61.3792,124,1,2
156,157,1,3,288,1,16.0,0,0,419,7.7333,124,2,1
157,158,0,3,182,2,30.0,0,0,655,8.05,124,3,2
158,159,0,3,768,2,28.0,0,0,259,8.6625,124,3,2
159,160,0,3,717,2,28.0,8,2,569,69.55,124,3,2
160,161,0,3,187,2,44.0,0,1,471,16.1,124,3,2
161,162,1,2,848,1,40.0,0,0,560,15.75,124,3,2
162,163,0,3,83,2,26.0,0,0,324,7.775,124,3,2
163,164,0,3,130,2,NaN,0,0,266,8.6625,124,3,1
164,165,0,3,629,2,NaN,4,1,250,39.6875,124,3,1
165,166,1,3,294,2,9.0,0,2,424,20.525,124,3,1
166,167,1,1,158,1,28.0,0,1,29,55.0,124,3,2
167,168,0,3,761,1,45.0,1,4,338,27.9,19,3,2
168,169,0,1,70,2,28.0,0,0,577,25.925,19,3,2
169,170,0,3,487,2,28.0,0,0,81,56.4958,19,3,2
170,171,0,1,833,2,61.0,0,0,6,33.5,19,3,2
171,172,0,3,681,2,4.0,4,1,481,29.125,15,2,1
172,173,1,3,409,1,NaN,1,1,345,11.1333,15,3,1
173,174,0,3,753,2,21.0,0,0,660,7.925,15,3,2
174,175,0,1,770,2,56.0,0,0,91,30.6958,15,1,2
175,176,0,3,445,2,18.0,1,1,413,7.8542,70,3,1
176,177,0,3,465,2,28.0,3,1,489,25.4667,70,3,2
177,178,0,1,389,1,50.0,0,0,594,28.7125,70,1,2
178,179,0,2,321,2,30.0,0,0,170,13.0,145,3,2
179,180,0,3,475,2,36.0,0,0,575,0.0,145,3,2
180,181,0,3,718,1,28.0,8,2,569,69.55,145,3,2
181,182,0,2,651,2,28.0,0,0,630,15.05,145,1,2
182,183,0,3,42,2,9.0,4,2,330,31.3875,145,3,1
183,184,1,2,77,2,NaN,2,1,115,39.0,145,3,1
184,185,1,3,442,1,4.0,0,2,272,22.025,10,3,1
185,186,0,1,701,2,28.0,0,0,35,50.0,10,3,2
186,187,1,3,602,1,28.0,1,0,460,15.5,142,2,2
187,188,1,1,699,2,45.0,0,0,12,26.55,142,3,2
188,189,0,3,102,2,40.0,1,1,436,15.5,142,2,2
189,190,0,3,824,2,36.0,0,0,387,7.8958,142,3,2
190,191,1,2,665,1,32.0,0,0,123,13.0,142,3,2
191,192,0,2,137,2,19.0,0,0,228,13.0,142,3,2
192,193,1,3,21,1,19.0,1,0,407,7.8542,142,3,2
193,194,1,2,580,2,NaN,1,1,114,26.0,142,3,1
194,195,1,1,114,1,44.0,0,0,605,27.7208,29,1,2
195,196,1,1,496,1,58.0,0,0,587,146.5208,44,1,2
196,197,0,3,534,2,28.0,0,0,453,7.75,146,2,2
197,198,0,3,612,2,42.0,0,1,495,8.4042,146,3,2
198,199,1,3,498,1,28.0,0,0,462,7.75,146,2,2
199,200,0,2,882,1,24.0,0,0,161,13.0,146,3,2
200,201,0,3,835,2,28.0,0,0,307,9.5,146,3,2
201,202,0,3,722,2,28.0,8,2,569,69.55,146,3,2
202,203,0,3,404,2,34.0,0,0,243,6.4958,146,3,2
203,204,0,3,879,2,45.5,0,0,178,7.225,146,1,2
204,205,1,3,167,2,18.0,0,0,531,8.05,146,3,1
205,206,0,3,790,1,NaN,0,1,317,10.4625,146,3,1
206,207,0,3,52,2,32.0,1,0,248,15.85,9,3,2
207,208,1,3,10,2,26.0,0,0,217,18.7875,9,1,2
208,209,1,3,141,1,16.0,0,0,446,7.75,9,2,1
209,210,1,1,95,2,40.0,0,0,18,31.0,9,1,2
210,211,0,3,13,2,24.0,0,0,643,7.05,104,3,2
211,212,1,2,132,1,35.0,0,0,571,21.0,104,3,2
212,213,0,3,650,2,22.0,0,0,527,7.25,104,3,2
213,214,0,2,289,2,30.0,0,0,164,13.0,104,3,2
214,215,0,3,438,2,28.0,1,0,444,7.75,104,2,2
215,216,1,1,583,1,31.0,1,0,417,113.275,104,1,2
216,217,1,3,376,1,27.0,0,0,671,7.925,94,3,2
217,218,0,2,391,2,42.0,1,0,143,27.0,94,3,2
218,219,1,1,73,1,32.0,0,0,64,76.2917,94,1,2
219,220,0,2,339,2,30.0,0,0,680,10.5,88,3,2
220,221,1,3,792,2,16.0,0,0,654,8.05,88,3,1
221,222,0,2,106,2,27.0,0,0,106,13.0,88,3,2
222,223,0,3,307,2,51.0,0,0,103,8.05,88,3,2
223,224,0,3,582,2,28.0,0,0,376,7.8958,88,3,2
224,225,1,1,380,2,NaN,1,0,94,90.0,88,3,2
225,226,0,3,84,2,22.0,0,0,616,9.35,81,3,2
226,227,1,2,532,2,19.0,0,0,673,10.5,81,3,2
227,228,0,3,493,2,20.5,0,0,526,7.25,81,3,2
228,229,0,2,244,2,18.0,0,0,126,13.0,81,3,1
229,230,0,3,468,1,28.0,3,1,489,25.4667,81,3,2
230,231,1,1,340,1,35.0,1,0,458,83.475,81,3,2
231,232,0,3,461,2,NaN,0,0,323,7.775,79,3,2
232,233,0,2,755,2,59.0,0,0,129,13.5,79,3,2
233,234,1,3,44,1,5.0,4,2,330,31.3875,79,3,1
234,235,0,2,480,2,24.0,0,0,555,10.5,79,3,2
235,236,0,3,330,1,28.0,0,0,678,7.55,79,3,2
236,237,0,2,371,2,44.0,1,0,199,26.0,79,3,2
237,238,1,2,173,1,8.0,0,2,557,26.25,79,3,1
238,239,0,2,649,2,19.0,0,0,232,10.5,79,3,2
239,240,0,2,384,2,33.0,0,0,637,12.275,79,3,2
240,241,0,3,884,1,28.0,1,0,194,14.4542,79,1,2
241,242,1,3,568,1,28.0,1,0,445,15.5,79,2,2
242,243,0,2,170,2,NaN,0,0,675,10.5,79,3,2
243,244,0,3,501,2,22.0,0,0,659,7.125,79,3,2
244,245,0,3,48,2,30.0,0,0,214,7.225,79,1,2
245,246,0,1,540,2,44.0,2,0,93,90.0,79,2,2
246,247,0,3,482,1,25.0,0,0,326,7.775,103,3,2
247,248,1,2,323,1,24.0,0,2,167,14.5,103,3,2
248,249,1,1,79,2,37.0,1,1,55,52.5542,103,3,2
249,250,0,2,148,2,NaN,1,0,145,26.0,146,3,2
250,251,0,3,674,2,28.0,0,0,423,7.25,146,3,2
251,252,0,3,791,1,NaN,1,1,317,10.4625,146,3,2
252,253,0,1,783,2,62.0,0,0,32,26.55,84,3,2
253,254,0,3,488,2,30.0,1,0,537,16.1,41,3,2
254,255,0,3,703,1,NaN,0,2,459,20.2125,41,3,2
255,256,1,3,820,1,NaN,0,2,186,15.2458,41,1,2
256,257,1,1,809,1,28.0,0,0,590,79.2,41,1,2
257,258,1,1,157,1,30.0,0,0,1,86.5,41,3,2
258,259,1,1,845,1,35.0,0,0,609,512.3292,135,1,2
259,260,1,2,637,1,50.0,0,1,116,26.0,135,3,2
260,261,0,3,772,2,28.0,0,0,483,7.75,135,2,2
261,262,1,3,43,2,NaN,4,2,330,31.3875,135,3,1
262,263,0,1,800,2,52.0,1,1,2,79.65,135,3,2
263,264,0,1,341,2,40.0,0,0,17,0.0,47,3,2
264,265,0,3,357,1,28.0,0,0,479,7.75,58,2,2
265,266,0,2,675,2,36.0,0,0,547,10.5,58,3,2
266,267,0,3,632,2,16.0,4,1,250,39.6875,58,3,1
267,268,1,3,653,2,25.0,1,0,335,7.775,58,3,2
268,269,1,1,306,1,58.0,0,1,589,153.4625,58,3,2
269,270,1,1,92,1,35.0,0,0,614,135.6333,90,3,2
270,271,0,1,126,2,28.0,0,0,48,31.0,55,3,2
271,272,1,3,818,2,25.0,0,0,575,0.0,55,3,2
272,273,1,2,531,1,NaN,0,1,163,19.5,55,3,2
273,274,0,1,578,2,37.0,0,1,595,29.7,55,1,2
274,275,1,3,351,1,28.0,0,0,466,7.75,114,2,2
275,276,1,1,34,1,NaN,1,0,72,77.9583,114,3,2
276,277,0,3,483,1,45.0,0,0,327,7.75,4,3,2
277,278,0,2,635,2,28.0,0,0,136,0.0,4,3,2
278,279,0,3,682,2,7.0,4,1,481,29.125,4,2,1
279,280,1,3,3,1,35.0,1,1,552,20.25,4,3,2
280,281,0,3,228,2,65.0,0,0,291,7.75,4,2,2
281,282,0,3,615,2,28.0,0,0,341,7.8542,4,3,2
282,283,0,3,888,2,16.0,0,0,311,9.5,4,3,1
283,284,1,3,222,2,19.0,0,0,534,8.05,4,3,2
284,285,0,1,771,2,28.0,0,0,25,26.0,4,3,2
285,286,0,3,780,2,33.0,0,0,379,8.6625,32,1,2
286,287,1,3,887,2,30.0,0,0,309,9.5,32,3,2
287,288,0,3,571,2,22.0,0,0,354,7.8958,32,3,2
288,289,1,2,379,2,42.0,0,0,135,13.0,32,3,2
289,290,1,3,178,1,22.0,0,0,465,7.75,32,2,2
290,291,1,1,66,1,26.0,0,0,92,78.85,32,3,2
291,292,1,1,91,1,19.0,1,0,65,91.0792,32,1,2
292,293,0,2,478,2,36.0,0,0,636,12.875,91,1,2
293,294,0,3,316,1,24.0,0,0,377,8.85,63,3,2
294,295,0,3,542,2,24.0,0,0,375,7.8958,63,3,2
295,296,0,1,479,2,28.0,0,0,607,27.7208,63,1,2
296,297,0,3,325,2,23.5,0,0,213,7.2292,63,1,2
297,298,0,1,18,1,NaN,1,2,38,151.55,63,3,1
298,299,1,1,715,2,28.0,0,0,99,30.5,52,3,2
299,300,1,1,72,1,50.0,0,1,586,247.5208,37,1,2
300,301,1,3,432,1,28.0,0,0,514,7.75,117,2,2
301,302,1,3,519,2,28.0,2,0,442,23.25,117,2,2
302,303,0,3,412,2,19.0,0,0,575,0.0,117,3,2
303,304,1,2,429,1,28.0,0,0,110,12.35,117,2,2
304,305,0,3,869,2,28.0,0,0,528,8.05,63,3,2
305,306,1,1,17,2,NaN,1,2,38,151.55,63,3,1
306,307,1,1,249,1,28.0,0,0,84,110.8833,75,1,2
307,308,1,1,648,1,NaN,1,0,612,108.9,75,1,1
308,309,0,2,4,2,30.0,1,0,576,24.0,126,1,2
309,310,1,1,264,1,30.0,0,0,585,56.9292,126,1,2
310,311,1,1,349,1,24.0,0,0,60,83.1583,73,1,2
311,312,1,1,711,1,18.0,2,2,603,262.375,36,1,1
312,313,0,2,450,1,26.0,1,1,168,26.0,77,3,2
313,314,0,3,356,2,28.0,0,0,383,7.8958,77,3,2
314,315,0,2,343,2,43.0,1,1,572,26.25,77,3,2
315,316,1,3,591,1,26.0,0,0,344,7.8542,77,3,2
316,317,1,2,424,1,24.0,1,0,151,26.0,77,3,2
317,318,0,2,556,2,NaN,0,0,233,14.0,77,3,2
318,319,1,1,860,1,31.0,0,2,454,164.8667,77,3,2
319,320,1,1,776,1,40.0,1,1,82,134.5,125,1,2
320,321,0,3,212,2,22.0,0,0,525,7.25,66,3,2
321,322,0,3,201,2,27.0,0,0,366,7.8958,66,3,2
322,323,1,2,763,1,30.0,0,0,125,12.35,66,2,2
323,324,1,2,129,1,22.0,1,1,159,29.0,66,3,2
324,325,0,3,723,2,28.0,8,2,569,69.55,66,3,2
325,326,1,1,878,1,36.0,0,0,614,135.6333,66,1,2
326,327,0,3,599,2,61.0,0,0,300,6.2375,91,3,2
327,328,1,2,61,1,36.0,0,0,230,13.0,91,3,2
328,329,1,3,296,1,31.0,1,1,424,20.525,18,3,2
329,330,1,1,364,1,16.0,0,1,8,57.9792,18,1,1
330,331,1,3,518,1,28.0,2,0,442,23.25,57,2,2
331,332,0,1,638,2,45.5,0,0,21,28.5,57,3,2
332,333,0,1,305,2,NaN,0,1,589,153.4625,86,3,2
333,334,0,3,839,2,16.0,2,0,303,18.0,62,3,1
334,335,1,1,266,1,28.0,1,0,606,133.65,62,3,2
335,336,0,3,211,2,28.0,0,0,371,7.8958,62,3,2
336,337,0,1,643,2,NaN,1,0,37,66.6,62,3,2
337,338,1,1,118,1,NaN,0,0,82,134.5,128,1,2
338,339,1,3,193,2,45.0,0,0,511,8.05,147,3,2
339,340,0,1,94,2,45.0,0,0,40,35.5,147,3,2
340,341,1,2,579,2,NaN,1,1,114,26.0,142,3,1
341,342,1,1,259,1,24.0,3,2,96,263.0,64,3,2
342,343,0,2,171,2,28.0,0,0,160,13.0,143,3,2
343,344,0,2,734,2,25.0,0,0,150,13.0,143,3,2
344,345,0,2,263,2,36.0,0,0,113,13.0,143,3,2
345,346,1,2,112,1,24.0,0,0,158,13.0,143,3,2
346,347,1,2,769,1,40.0,0,0,258,13.0,60,3,2
347,348,1,3,208,1,28.0,1,0,484,16.1,60,3,2
348,349,1,3,184,2,NaN,1,1,563,15.9,60,3,1
349,350,0,3,216,2,42.0,0,0,263,8.6625,60,3,2
350,351,0,3,609,2,23.0,0,0,504,9.225,60,3,2
351,352,0,1,871,2,28.0,0,0,31,35.0,60,3,2
352,353,0,3,238,2,15.0,1,1,215,7.2292,124,1,1
353,354,0,3,38,2,25.0,1,0,378,17.8,124,3,2
354,355,0,3,880,2,28.0,0,0,183,7.225,124,1,2
355,356,0,3,836,2,28.0,0,0,315,9.5,124,3,2
356,357,1,1,105,1,22.0,0,1,29,55.0,124,3,2
357,358,0,2,271,1,NaN,0,0,132,13.0,105,3,2
358,359,1,3,523,1,28.0,0,0,280,7.8792,105,2,2
359,360,1,3,546,1,28.0,0,0,286,7.8792,105,2,2
360,361,0,3,760,2,40.0,1,4,338,27.9,105,3,2
361,362,0,2,889,2,NaN,1,0,634,27.7208,105,1,2
362,363,0,3,65,1,45.0,0,1,212,14.4542,105,1,2
363,364,0,3,41,2,35.0,0,0,642,7.05,105,3,2
364,365,0,3,600,2,28.0,1,0,460,15.5,105,2,2
365,366,0,3,6,2,30.0,0,0,545,7.25,105,3,2
366,367,1,1,846,1,60.0,1,0,5,75.25,105,1,2
367,368,1,3,563,1,28.0,0,0,176,7.2292,25,1,2
368,369,1,3,401,1,28.0,0,0,79,7.75,25,2,2
369,370,1,1,49,1,24.0,0,0,582,69.3,25,1,2
370,371,1,1,329,2,25.0,1,0,59,55.4417,132,1,2
371,372,0,3,864,2,18.0,1,0,245,6.4958,80,3,1
372,373,0,3,76,2,19.0,0,0,274,8.05,80,3,2
373,374,0,1,691,2,22.0,0,0,614,135.6333,80,1,2
374,375,0,3,626,1,NaN,3,1,396,21.075,80,3,1
375,376,1,1,537,1,28.0,1,0,601,82.1708,80,1,2
376,377,1,3,455,1,22.0,0,0,546,7.25,80,3,2
377,378,0,1,863,2,27.0,0,2,28,211.5,80,1,2
378,379,0,3,86,2,20.0,0,0,184,4.0125,48,1,2
379,380,0,3,315,2,19.0,0,0,325,7.775,48,3,2
380,381,1,1,87,1,42.0,0,0,611,227.525,48,1,2
381,382,1,3,573,1,NaN,0,2,188,15.7417,48,1,1
382,383,0,3,812,2,32.0,0,0,666,7.925,48,3,2
383,384,1,1,374,1,35.0,1,0,44,52.0,48,3,2
384,385,0,3,666,2,28.0,0,0,372,7.8958,48,3,2
385,386,0,2,206,2,18.0,0,0,622,73.5,48,3,1
386,387,0,3,299,2,NaN,5,2,567,46.9,48,3,1
387,388,1,2,119,1,36.0,0,0,221,13.0,48,3,2
388,389,0,3,716,2,28.0,0,0,448,7.7292,48,2,2
389,390,1,2,469,1,NaN,0,0,626,12.0,48,1,1
390,391,1,1,145,2,36.0,1,2,34,120.0,48,3,2
391,392,1,3,394,2,21.0,0,0,402,7.7958,104,3,2
392,393,0,3,314,2,28.0,2,0,247,7.925,104,3,2
393,394,1,1,584,1,23.0,1,0,417,113.275,104,1,2
394,395,1,3,729,1,24.0,0,2,617,16.7,146,3,2
395,396,0,3,405,2,22.0,0,0,411,7.7958,79,3,2
396,397,0,3,614,1,31.0,0,0,415,7.8542,79,3,2
397,398,0,2,525,2,46.0,0,0,227,26.0,79,3,2
398,399,0,2,624,2,23.0,0,0,147,10.5,79,3,2
399,400,1,2,822,1,28.0,0,0,141,12.65,79,3,2
400,401,1,3,593,2,39.0,0,0,664,7.925,79,3,2
401,402,0,3,7,2,26.0,0,0,293,8.05,79,3,2
402,403,0,3,419,1,21.0,1,0,493,9.825,79,3,2
403,404,0,3,319,2,28.0,1,0,669,15.85,79,3,2
404,405,0,3,617,1,20.0,0,0,268,8.6625,79,3,2
405,406,0,2,275,2,34.0,1,0,231,21.0,79,3,2
406,407,0,3,862,2,51.0,0,0,322,7.75,79,3,2
407,408,1,2,688,2,NaN,1,1,238,18.75,79,3,1
408,409,0,3,89,2,21.0,0,0,256,7.775,79,3,2
409,410,0,3,466,1,28.0,3,1,489,25.4667,79,3,2
410,411,0,3,733,2,28.0,0,0,368,7.8958,79,3,2
411,412,0,3,344,2,28.0,0,0,488,6.8583,79,2,2
412,413,1,1,541,1,33.0,1,0,93,90.0,79,2,2
413,414,0,2,192,2,28.0,0,0,136,0.0,116,3,2
414,415,1,3,793,2,44.0,0,0,656,7.925,116,3,2
415,416,0,3,529,1,28.0,0,0,296,8.05,116,3,2
416,417,1,2,227,1,34.0,1,1,225,32.5,116,3,2
417,418,1,2,743,1,18.0,0,2,169,13.0,116,3,1
418,419,0,2,514,2,30.0,0,0,226,13.0,116,3,2
419,420,0,3,830,1,10.0,0,2,308,24.15,116,3,1
420,421,0,3,282,2,28.0,0,0,393,7.8958,116,1,2
421,422,0,3,156,2,21.0,0,0,535,7.7333,116,2,2
422,423,0,3,885,2,NaN,0,0,260,7.875,116,3,2
423,424,0,3,199,1,28.0,1,1,332,14.4,116,3,2
424,425,0,3,702,2,18.0,1,1,459,20.2125,116,3,1
425,426,0,3,873,2,28.0,0,0,522,7.25,116,3,2
426,427,1,2,163,1,28.0,1,0,101,26.0,116,3,2
427,428,1,2,663,1,19.0,0,0,171,26.0,116,3,2
428,429,0,3,250,2,28.0,0,0,438,7.75,116,2,2
429,430,1,3,664,2,32.0,0,0,645,8.05,116,3,2
430,431,1,1,93,2,28.0,0,0,4,26.55,72,3,2
431,432,1,3,811,1,28.0,1,0,477,16.1,129,3,2
432,433,1,2,492,1,42.0,1,0,628,26.0,129,3,2
433,434,0,3,421,2,NaN,0,0,658,7.125,129,3,1
434,435,0,1,745,2,50.0,1,0,73,55.9,129,3,2
435,436,1,1,144,1,14.0,1,2,34,120.0,48,3,1
436,437,0,3,254,1,21.0,2,2,677,34.375,64,3,2
437,438,1,2,689,1,24.0,2,3,238,18.75,64,3,2
438,439,0,1,262,2,NaN,1,4,96,263.0,64,3,2
439,440,0,2,448,2,31.0,0,0,548,10.5,11,3,2
440,441,1,2,345,1,45.0,1,1,572,26.25,11,3,2
441,442,0,3,324,2,20.0,0,0,306,9.5,11,3,2
442,443,0,3,660,2,25.0,1,0,329,7.775,11,3,2
443,444,1,2,680,1,28.0,0,0,117,13.0,11,3,2
444,445,1,3,403,2,28.0,0,0,500,8.1125,11,3,2
445,446,1,1,217,2,4.0,0,2,290,81.8583,11,3,1
446,447,1,2,530,1,13.0,0,1,163,19.5,51,3,1
447,448,1,1,736,2,34.0,0,0,46,26.55,51,3,2
448,449,1,3,56,1,5.0,2,1,195,19.2583,51,1,1
449,450,1,1,662,2,52.0,0,0,41,30.5,51,3,2
450,451,0,2,855,2,36.0,1,2,562,27.75,54,3,2
451,452,0,3,317,2,28.0,1,0,498,19.9667,54,3,2
452,453,0,1,258,2,30.0,0,0,23,27.75,54,1,2
453,454,1,1,291,2,49.0,1,0,85,89.1042,87,1,2
454,455,0,3,645,2,28.0,0,0,529,8.05,127,3,2
455,456,1,3,393,2,NaN,0,0,380,7.8958,127,1,2
456,457,0,1,538,2,65.0,0,0,74,26.55,127,3,2
457,458,1,1,437,1,28.0,1,0,87,51.8625,98,3,2
458,459,1,2,816,1,50.0,0,0,573,10.5,118,3,2
459,460,0,3,604,2,28.0,0,0,469,7.75,118,2,2
460,461,1,1,22,2,48.0,0,0,97,26.55,118,3,2
461,462,0,3,558,2,34.0,0,0,430,8.05,134,3,2
462,463,0,1,281,2,47.0,0,0,7,38.5,134,3,2
463,464,0,2,539,2,48.0,0,0,122,13.0,91,3,2
464,465,0,3,503,2,28.0,0,0,540,8.05,91,3,2
465,466,0,3,297,2,NaN,0,0,640,7.05,91,3,2
466,467,0,2,133,2,28.0,0,0,136,0.0,91,3,2
467,468,0,1,767,2,56.0,0,0,45,26.55,91,3,2
468,469,0,3,732,2,28.0,0,0,422,7.725,91,2,2
469,470,1,3,55,1,NaN,2,1,195,19.2583,91,1,1
470,471,0,3,431,2,28.0,0,0,273,7.25,91,3,2
471,472,0,3,125,2,NaN,0,0,264,8.6625,91,3,2
472,473,1,2,856,1,33.0,1,2,562,27.75,91,3,2
473,474,1,2,402,1,23.0,0,0,629,13.7917,91,1,2
474,475,0,3,788,1,22.0,0,0,510,9.8375,2,3,2
475,476,0,1,165,2,28.0,0,0,3,52.0,2,3,2
476,477,0,2,677,2,34.0,1,0,253,21.0,32,3,2
477,478,0,3,108,2,NaN,1,0,316,7.0458,32,3,2
478,479,0,3,426,2,22.0,0,0,412,7.5208,32,3,2
479,480,1,3,366,1,NaN,0,1,252,12.2875,32,3,1
480,481,0,3,298,2,9.0,5,2,567,46.9,32,3,1
481,482,0,2,269,2,28.0,0,0,137,0.0,32,3,2
482,483,0,3,707,2,50.0,0,0,532,8.05,32,3,2
483,484,1,3,826,1,NaN,0,0,490,9.5875,32,3,2
484,485,1,1,90,2,25.0,1,0,65,91.0792,32,1,2
485,486,0,3,467,1,28.0,3,1,489,25.4667,88,3,2
486,487,1,1,382,1,35.0,1,0,94,90.0,88,3,2
487,488,0,1,436,2,58.0,0,0,62,29.7,26,1,2
488,489,0,3,775,2,30.0,0,0,518,8.05,65,3,2
489,490,1,3,183,2,9.0,1,1,563,15.9,65,3,1
490,491,0,3,318,2,28.0,1,0,499,19.9667,65,3,2
491,492,0,3,872,2,21.0,0,0,650,7.25,65,3,2
492,493,0,1,548,2,NaN,0,0,42,30.5,65,3,2
493,494,0,1,40,2,71.0,0,0,604,49.5042,97,1,2
494,495,0,3,782,2,21.0,0,0,519,8.05,97,3,2
495,496,0,3,881,2,28.0,0,0,177,14.4583,97,1,2
496,497,1,1,243,1,NaN,1,0,455,78.2667,97,1,2
497,498,0,3,739,2,28.0,0,0,565,15.1,63,3,2
498,499,0,1,19,1,25.0,1,2,38,151.55,63,3,2
499,500,0,3,797,2,24.0,0,0,403,7.7958,43,3,2
500,501,0,3,131,2,NaN,0,0,262,8.6625,43,3,1
501,502,0,3,134,1,21.0,0,0,434,7.75,43,2,2
502,503,0,3,608,1,28.0,0,0,277,7.6292,43,2,2
503,504,0,3,451,1,37.0,0,0,491,9.5875,43,3,2
504,505,1,1,502,1,16.0,0,0,1,86.5,43,3,1
505,506,0,1,647,2,18.0,1,0,612,108.9,75,1,1
506,507,1,2,671,1,33.0,0,2,181,26.0,122,3,2
507,508,1,1,107,2,28.0,0,0,11,26.55,122,3,2
508,509,0,3,611,2,28.0,0,0,543,22.525,122,3,2
509,510,1,3,456,2,26.0,0,0,81,56.4958,122,3,2
510,511,1,3,196,2,NaN,0,0,480,7.75,122,2,2
511,512,0,3,850,2,28.0,0,0,649,8.05,122,3,2
512,513,1,1,522,2,36.0,0,0,578,26.2875,122,3,2
513,514,1,1,706,1,NaN,1,0,600,59.4,107,1,2
514,515,0,3,169,2,24.0,0,0,357,7.4958,107,3,2
515,516,0,1,844,2,47.0,0,0,457,34.0208,107,3,2
516,517,1,2,473,1,34.0,0,0,561,10.5,143,3,2
517,518,0,3,710,2,28.0,0,0,470,24.15,40,2,2
518,519,1,2,36,1,36.0,1,0,111,26.0,40,3,2
519,520,0,3,642,2,32.0,0,0,382,7.8958,40,3,2
520,521,1,1,652,1,30.0,0,0,68,93.5,40,3,2
521,522,0,3,842,2,22.0,0,0,391,7.8958,18,3,2
522,523,0,3,449,2,28.0,0,0,174,7.225,18,1,2
523,524,1,1,365,1,44.0,0,1,8,57.9792,18,1,2
524,525,0,3,428,2,28.0,0,0,218,7.2292,89,1,2
525,526,0,3,245,2,40.5,0,0,447,7.75,89,2,2
526,527,1,2,690,1,50.0,0,0,674,10.5,89,3,2
527,528,0,1,246,2,28.0,0,0,584,221.7792,89,3,2
528,529,0,3,726,2,39.0,0,0,251,7.925,27,3,2
529,530,0,2,367,2,23.0,2,1,236,11.5,27,3,2
530,531,1,2,670,1,NaN,1,1,181,26.0,27,3,1
531,532,0,3,819,2,28.0,0,0,182,7.2292,27,1,2
532,533,0,3,237,2,NaN,1,1,211,7.2292,27,1,1
533,534,1,3,655,1,28.0,0,2,197,22.3583,27,1,2
534,535,0,3,124,1,30.0,0,0,261,8.6625,27,3,2
535,536,1,2,342,1,7.0,0,2,572,26.25,27,3,1
536,537,0,1,121,2,45.0,0,0,22,26.55,27,3,2
537,538,1,1,462,1,30.0,0,0,615,106.425,28,1,2
538,539,0,3,693,2,28.0,0,0,427,14.5,28,3,2
539,540,1,1,267,1,22.0,0,2,76,49.5,28,1,2
540,541,1,1,189,1,36.0,0,2,681,71.0,21,3,2
541,542,0,3,27,1,9.0,4,2,334,31.275,83,3,1
542,543,0,3,28,1,11.0,4,2,334,31.275,83,3,1
543,544,1,2,74,2,32.0,1,0,234,26.0,83,3,2
544,545,0,1,223,2,50.0,1,0,615,106.425,83,1,2
545,546,0,1,588,2,NaN,0,0,502,26.0,78,3,2
546,547,1,2,75,1,19.0,1,0,234,26.0,78,3,2
547,548,1,2,623,2,28.0,0,0,632,13.8625,78,1,2
548,549,0,3,295,2,33.0,1,1,424,20.525,78,3,2
549,550,1,2,204,2,8.0,1,1,559,36.75,78,3,1
550,551,1,1,805,2,NaN,0,2,84,110.8833,78,1,1
551,552,0,2,737,2,27.0,0,0,149,26.0,3,3,2
552,553,0,3,601,2,28.0,0,0,285,7.8292,3,2,2
553,554,1,3,464,2,22.0,0,0,172,7.225,3,1,2
554,555,1,3,610,1,22.0,0,0,336,7.775,3,3,2
555,556,0,1,875,2,62.0,0,0,53,26.55,3,3,2
556,557,1,1,229,1,48.0,1,0,58,39.6,3,1,2
557,558,0,1,694,2,28.0,0,0,611,227.525,135,1,2
558,559,1,1,801,1,39.0,1,1,2,79.65,135,3,2
559,560,1,3,886,1,36.0,1,0,301,17.4,49,3,2
560,561,0,3,559,2,28.0,0,0,472,7.75,49,2,2
561,562,0,3,752,2,40.0,0,0,390,7.8958,49,3,2
562,563,0,2,594,2,28.0,0,0,104,13.5,49,3,2
563,564,0,3,747,2,28.0,0,0,652,8.05,49,3,2
564,565,0,3,528,1,28.0,0,0,646,8.05,49,3,2
565,566,0,3,205,2,24.0,2,0,520,24.15,49,3,2
566,567,0,3,787,2,19.0,0,0,353,7.8958,49,3,2
567,568,0,3,628,1,NaN,0,4,396,21.075,49,3,2
568,569,0,3,218,2,28.0,0,0,208,7.2292,49,1,2
569,570,1,3,417,2,32.0,0,0,416,7.8542,49,3,2
570,571,1,2,337,2,62.0,0,0,625,10.5,49,3,2
571,572,1,1,37,1,53.0,2,0,61,51.4792,49,3,2
572,573,1,1,252,2,36.0,0,0,579,26.3875,122,3,2
573,574,1,3,433,1,28.0,0,0,78,7.75,129,2,2
574,575,0,3,709,2,16.0,0,0,521,8.05,129,3,1
575,576,0,3,640,2,19.0,0,0,421,14.5,129,3,2
576,577,1,2,278,1,34.0,0,0,144,13.0,129,3,2
577,578,1,1,746,1,39.0,1,0,73,55.9,129,3,2
578,579,0,3,136,1,28.0,1,0,210,14.4583,76,1,2
579,580,1,3,420,2,32.0,0,0,662,7.925,76,3,2
580,581,1,2,161,1,25.0,1,1,134,30.0,76,3,2
581,582,1,1,806,1,39.0,1,1,84,110.8833,76,1,2
582,583,0,2,225,2,NaN,0,0,227,26.0,1,3,2
583,584,0,1,704,2,36.0,0,0,69,40.125,1,1,2
584,585,0,3,641,2,28.0,0,0,292,8.7125,136,1,2
585,586,1,1,799,1,18.0,0,2,2,79.65,136,3,1
586,587,0,2,396,2,47.0,0,0,130,15.0,30,3,2
587,588,1,1,268,2,60.0,1,1,75,79.2,30,1,2
588,589,0,3,285,2,22.0,0,0,80,8.05,97,3,2
589,590,0,3,567,2,28.0,0,0,516,8.05,97,3,2
590,591,0,3,692,2,35.0,0,0,657,7.125,97,3,2
591,592,1,1,784,1,52.0,1,0,455,78.2667,97,1,2
592,593,0,3,239,2,47.0,0,0,533,7.25,5,3,2
593,594,0,3,101,1,28.0,0,2,435,7.75,5,2,2
594,595,0,2,155,2,37.0,1,0,627,26.0,5,3,2
595,596,0,3,831,2,36.0,1,1,308,24.15,5,3,2
596,597,1,2,471,1,28.0,0,0,156,33.0,5,3,2
597,598,0,3,410,2,49.0,0,0,575,0.0,5,3,2
598,599,0,3,99,2,28.0,0,0,193,7.225,5,1,2
599,600,1,1,230,2,49.0,1,0,585,56.9292,5,1,2
600,601,1,2,392,1,24.0,2,1,143,27.0,58,3,2
601,602,0,3,762,2,28.0,0,0,361,7.8958,58,3,2
602,603,0,1,336,2,28.0,0,0,47,42.4,58,3,2
603,604,0,3,817,2,44.0,0,0,431,8.05,58,3,2
604,605,1,1,375,2,35.0,0,0,10,26.55,58,1,2
605,606,0,3,484,2,36.0,1,0,397,15.55,58,3,2
606,607,0,3,425,2,30.0,0,0,386,7.8958,58,3,2
607,608,1,1,200,2,27.0,0,0,51,30.5,58,3,2
608,609,1,2,459,1,22.0,1,2,635,41.5792,58,1,2
609,610,1,1,742,1,40.0,0,0,589,153.4625,58,3,2
610,611,0,3,31,1,39.0,1,5,334,31.275,145,3,2
611,612,0,3,395,2,28.0,0,0,639,7.05,145,3,2
612,613,1,3,569,1,28.0,1,0,445,15.5,145,2,2
613,614,0,3,378,2,28.0,0,0,468,7.75,145,2,2
614,615,0,3,111,2,35.0,0,0,432,8.05,145,3,2
615,616,1,2,358,1,24.0,1,2,107,65.0,145,3,2
616,617,0,3,198,2,34.0,1,1,332,14.4,145,3,2
617,618,0,3,489,1,26.0,1,0,537,16.1,145,3,2
618,619,1,2,78,1,4.0,2,1,115,39.0,145,3,1
619,620,0,2,280,2,26.0,0,0,254,10.5,96,3,2
620,621,0,3,876,2,27.0,1,0,189,14.4542,96,1,2
621,622,1,1,440,2,42.0,1,0,57,52.5542,96,3,2
622,623,1,3,574,2,20.0,1,1,188,15.7417,111,1,2
623,624,0,3,328,2,21.0,0,0,401,7.8542,111,3,2
624,625,0,3,104,2,21.0,0,0,496,16.1,111,3,2
625,626,0,1,795,2,61.0,0,0,456,32.3208,111,3,2
626,627,0,2,443,2,57.0,0,0,105,12.35,115,2,2
627,628,1,1,491,1,21.0,0,0,72,77.9583,115,3,2
628,629,0,3,97,2,26.0,0,0,370,7.8958,6,3,2
629,630,0,3,603,2,28.0,0,0,287,7.7333,6,2,2
630,631,1,1,67,2,80.0,0,0,219,30.0,6,3,2
631,632,0,3,495,2,51.0,0,0,346,7.0542,34,3,2
632,633,1,1,778,2,32.0,0,0,71,30.5,34,1,2
633,634,0,1,636,2,28.0,0,0,14,0.0,25,3,2
634,635,0,3,758,1,9.0,3,2,338,27.9,25,3,1
635,636,1,2,207,1,28.0,0,0,131,13.0,25,3,2
636,637,0,3,470,2,32.0,0,0,665,7.925,25,3,2
637,638,0,2,174,2,31.0,1,1,557,26.25,25,3,2
638,639,0,3,634,1,NaN,0,5,250,39.6875,25,3,2
639,640,0,3,810,2,28.0,1,0,477,16.1,25,3,2
640,641,0,3,398,2,20.0,0,0,410,7.8542,25,3,2
641,642,1,1,724,1,24.0,0,0,582,69.3,25,1,2
642,643,0,3,759,1,NaN,3,2,338,27.9,102,3,1
643,644,1,3,253,2,28.0,0,0,81,56.4958,102,3,2
644,645,1,3,54,1,NaN,2,1,195,19.2583,102,1,1
645,646,1,1,333,2,48.0,1,0,588,76.7292,102,1,2
646,647,0,3,181,2,19.0,0,0,374,7.8958,8,3,2
647,648,1,1,748,2,56.0,0,0,70,35.5,8,1,2
648,649,0,3,866,2,28.0,0,0,621,7.55,109,3,2
649,650,1,3,781,1,23.0,0,0,568,7.55,109,3,2
650,651,0,3,545,2,28.0,0,0,367,7.8958,109,3,2
651,652,1,2,219,1,18.0,0,1,118,23.0,109,3,1
652,653,0,3,422,2,21.0,0,0,513,8.4333,109,3,2
653,654,1,3,607,1,28.0,0,0,278,7.8292,109,2,2
654,655,0,3,353,1,18.0,0,0,440,6.75,109,2,1
655,656,0,2,361,2,24.0,2,0,622,73.5,109,3,2
656,657,0,3,672,2,28.0,0,0,369,7.8958,109,3,2
657,658,0,3,103,1,32.0,1,1,436,15.5,109,2,2
658,659,0,2,233,2,23.0,0,0,242,13.0,109,3,2
659,660,0,1,585,2,58.0,0,2,417,113.275,109,1,2
660,661,1,1,265,2,50.0,2,0,606,133.65,133,3,2
661,662,0,3,58,2,40.0,0,0,173,7.225,133,1,2
662,663,0,1,172,2,47.0,0,0,497,25.5875,133,3,2
663,664,0,3,168,2,36.0,0,0,358,7.4958,59,3,2
664,665,1,3,485,2,20.0,1,0,661,7.925,59,3,2
665,666,0,2,362,2,32.0,2,0,622,73.5,59,3,2
666,667,0,2,120,2,25.0,0,0,124,13.0,59,3,2
667,668,0,3,700,2,28.0,0,0,257,7.775,59,3,2
668,669,0,3,180,2,43.0,0,0,530,8.05,59,3,2
669,670,1,1,803,1,28.0,1,0,100,52.0,59,3,2
670,671,1,2,115,1,40.0,1,1,241,39.0,39,3,2
671,672,0,1,203,2,31.0,1,0,570,52.0,39,3,2
672,673,0,2,544,2,70.0,0,0,551,10.5,35,3,2
673,674,1,2,865,2,31.0,0,0,146,13.0,35,3,2
674,675,0,2,847,2,28.0,0,0,139,0.0,35,3,2
675,676,0,3,232,2,18.0,0,0,398,7.775,35,3,1
676,677,0,3,731,2,24.5,0,0,295,8.05,35,3,2
677,678,1,3,825,1,18.0,0,0,494,9.8417,35,3,1
678,679,0,3,303,1,43.0,1,6,567,46.9,35,3,2
679,680,1,1,138,2,36.0,0,1,609,512.3292,35,1,2
680,681,0,3,656,1,28.0,0,0,282,8.1375,110,2,2
681,682,1,1,346,2,27.0,0,0,588,76.7292,110,1,2
682,683,0,3,616,2,20.0,0,0,501,9.225,33,3,2
683,684,0,3,302,2,14.0,5,2,567,46.9,33,3,1
684,685,0,2,113,2,60.0,1,1,241,39.0,33,3,2
685,686,0,2,458,2,25.0,1,2,635,41.5792,33,1,2
686,687,0,3,633,2,14.0,4,1,250,39.6875,33,3,1
687,688,0,3,195,2,19.0,0,0,373,10.1708,33,3,2
688,689,0,3,248,2,18.0,0,0,404,7.7958,33,3,1
689,690,1,1,499,1,15.0,0,1,142,211.3375,33,3,1
690,691,1,1,214,2,31.0,1,0,90,57.0,20,3,2
691,692,1,3,427,1,4.0,0,1,394,13.4167,76,1,1
692,693,1,3,453,2,28.0,0,0,81,56.4958,76,3,2
693,694,0,3,714,2,25.0,0,0,201,7.225,76,1,2
694,695,0,1,851,2,60.0,0,0,49,26.55,76,3,2
695,696,0,2,154,2,52.0,0,0,157,13.5,76,3,2
696,697,0,3,434,2,44.0,0,0,426,8.05,76,3,2
697,698,1,3,566,1,28.0,0,0,420,7.7333,76,2,2
698,699,0,1,804,2,49.0,1,1,84,110.8833,76,1,2
699,700,0,3,383,2,42.0,0,0,347,7.65,140,3,2
700,701,1,1,46,1,18.0,1,0,611,227.525,74,1,1
701,702,1,1,744,2,35.0,0,0,580,26.2875,121,3,2
702,703,0,3,64,1,18.0,0,1,212,14.4542,121,1,1
703,704,0,3,276,2,25.0,0,0,450,7.7417,121,2,2
704,705,0,3,327,2,26.0,1,0,399,7.8542,121,3,2
705,706,0,2,557,2,39.0,0,0,171,26.0,121,3,2
706,707,1,2,435,1,45.0,0,0,109,13.5,121,3,2
707,708,1,1,127,2,42.0,0,0,581,26.2875,121,3,2
708,709,1,1,164,1,22.0,0,0,38,151.55,85,3,2
709,710,1,3,562,2,28.0,1,1,190,15.2458,85,1,2
710,711,1,1,515,1,24.0,0,0,583,49.5042,85,1,2
711,712,0,1,444,2,28.0,0,0,20,26.55,57,3,2
712,713,1,1,802,2,48.0,1,0,100,52.0,59,3,2
713,714,0,3,460,2,NaN,0,0,507,9.4833,141,3,2
714,715,0,2,308,2,52.0,0,0,165,13.0,141,3,2
715,716,0,3,774,2,19.0,0,0,349,7.65,141,3,2
716,717,1,1,242,1,NaN,0,0,611,227.525,67,1,2
717,718,1,2,823,1,27.0,0,0,294,10.5,117,3,2
718,719,0,3,521,2,28.0,0,0,441,15.5,138,2,2
719,720,0,3,411,2,33.0,0,0,320,7.775,138,3,2
720,721,1,2,332,1,6.0,0,1,156,33.0,138,3,1
721,722,0,3,400,2,NaN,1,0,409,7.0542,138,3,1
722,723,0,2,287,2,34.0,0,0,66,13.0,138,3,2
723,724,0,2,369,2,50.0,0,0,162,13.0,138,3,2
724,725,1,1,152,2,27.0,1,0,52,53.1,138,3,2
725,726,0,3,618,2,20.0,0,0,267,8.6625,33,3,2
726,727,1,2,678,1,30.0,3,0,253,21.0,33,3,2
727,728,1,3,508,1,28.0,0,0,452,7.7375,33,2,2
728,729,0,2,116,2,25.0,1,0,128,26.0,33,3,2
729,730,0,3,388,1,25.0,1,0,668,7.925,33,3,2
730,731,1,1,15,1,NaN,0,0,142,211.3375,33,3,2
731,732,0,3,347,2,11.0,0,0,217,18.7875,16,1,1
732,733,0,2,446,2,28.0,0,0,138,0.0,16,3,2
733,734,0,2,85,2,23.0,0,0,229,13.0,16,3,2
734,735,0,2,821,2,23.0,0,0,120,13.0,16,3,2
735,736,0,3,870,2,28.5,0,0,496,16.1,16,3,2
736,737,0,3,257,1,48.0,1,3,677,34.375,16,3,2
737,738,1,1,477,2,35.0,0,0,609,512.3292,16,1,2
738,739,0,3,390,2,28.0,0,0,350,7.8958,106,3,2
739,740,0,3,575,2,28.0,0,0,365,7.8958,106,3,2
740,741,1,1,348,2,28.0,0,0,83,30.0,106,3,2
741,742,0,1,149,2,36.0,1,0,92,78.85,68,3,2
742,743,1,1,712,1,21.0,2,2,603,262.375,36,1,2
743,744,0,3,527,2,24.0,1,0,478,16.1,21,3,2
744,745,1,3,789,2,31.0,0,0,663,7.925,21,3,2
745,746,0,1,188,2,70.0,1,1,681,71.0,21,3,2
746,747,0,3,2,2,16.0,1,1,552,20.25,101,3,1
747,748,1,2,749,1,30.0,0,0,166,13.0,101,3,2
748,749,0,1,512,2,19.0,1,0,36,53.1,101,3,2
749,750,0,3,177,2,31.0,0,0,288,7.75,119,2,2
750,751,1,2,853,1,4.0,1,1,235,23.0,119,3,1
751,752,1,3,550,2,6.0,0,1,487,12.475,119,3,1
752,753,0,3,834,2,33.0,0,0,313,9.5,41,3,2
753,754,0,3,416,2,23.0,0,0,352,7.8958,41,3,2
754,755,1,2,359,1,48.0,1,2,107,65.0,41,3,2
755,756,1,2,322,2,NaN,1,1,167,14.5,41,3,1
756,757,0,3,139,2,28.0,0,0,405,7.7958,41,3,2
757,758,0,2,59,2,18.0,0,0,239,11.5,41,3,1
758,759,0,3,807,2,34.0,0,0,425,8.05,41,3,2
759,760,1,1,705,1,33.0,0,0,1,86.5,41,3,2
760,761,0,3,277,2,28.0,0,0,421,14.5,48,3,2
761,762,0,3,592,2,NaN,0,0,647,7.125,48,3,2
762,763,1,3,63,2,20.0,0,0,192,7.2292,48,1,2
763,764,1,1,147,1,36.0,1,2,34,120.0,48,3,2
764,765,0,3,234,2,16.0,0,0,328,7.775,93,3,1
765,766,1,1,370,1,51.0,1,0,72,77.9583,93,3,2
766,767,0,1,110,2,28.0,0,0,19,39.6,137,1,2
767,768,0,3,507,1,30.5,0,0,437,7.75,137,2,2
768,769,0,3,554,2,28.0,1,0,470,24.15,137,2,2
769,770,0,3,310,2,32.0,0,0,512,8.3625,137,3,2
770,771,0,3,481,2,24.0,0,0,314,9.5,137,3,2
771,772,0,3,399,2,48.0,0,0,408,7.8542,137,3,2
772,773,0,2,497,1,57.0,0,0,620,10.5,137,3,2
773,774,0,3,236,2,28.0,0,0,202,7.225,144,1,2
774,775,1,2,368,1,NaN,1,3,237,23.0,144,3,2
775,776,0,3,570,2,18.0,0,0,331,7.75,144,3,1
776,777,0,3,813,2,28.0,0,0,482,7.75,144,2,2
777,778,1,3,240,1,5.0,0,0,433,12.475,23,3,1
778,779,0,3,439,2,28.0,0,0,451,7.7375,23,2,2
779,780,1,1,695,1,43.0,0,1,142,211.3375,23,3,2
780,781,1,3,51,1,13.0,0,0,209,7.2292,20,1,1
781,782,1,1,215,1,NaN,1,0,90,57.0,20,3,1
782,783,0,1,490,2,NaN,0,0,27,30.0,113,3,2
783,784,0,3,415,2,28.0,1,2,676,23.45,45,3,2
784,785,0,3,14,2,25.0,0,0,644,7.05,45,3,2
785,786,0,3,331,2,25.0,0,0,475,7.25,45,3,2
786,787,1,3,754,1,18.0,0,0,244,7.4958,45,3,1
787,788,0,3,684,2,8.0,4,1,481,29.125,45,2,1
788,789,1,3,209,2,NaN,1,2,549,20.575,45,3,1
789,790,0,1,311,2,46.0,0,0,593,79.2,45,1,2
790,791,0,3,430,2,28.0,0,0,67,7.75,95,2,2
791,792,0,2,279,2,16.0,0,0,140,26.0,95,3,1
792,793,0,3,720,1,28.0,8,2,569,69.55,95,3,2
793,794,0,1,381,2,28.0,0,0,598,30.6958,95,1,2
794,795,0,3,202,2,25.0,0,0,351,7.8958,95,3,2
795,796,0,2,622,2,39.0,0,0,224,13.0,95,3,2
796,797,1,1,463,1,49.0,0,0,88,25.9292,95,3,2
797,798,1,3,620,1,31.0,0,0,384,8.6833,48,3,2
798,799,0,3,385,2,30.0,0,0,207,7.2292,48,1,2
799,800,0,3,832,1,30.0,1,1,308,24.15,48,3,2
800,801,0,2,667,2,34.0,0,0,165,13.0,48,3,2
801,802,1,2,175,1,31.0,1,1,557,26.25,48,3,2
802,803,1,1,143,2,11.0,1,2,34,120.0,48,3,1
803,804,1,3,808,2,NaN,0,1,175,8.5167,12,1,1
804,805,1,3,352,2,27.0,0,0,339,6.975,12,3,2
805,806,0,3,407,2,31.0,0,0,321,7.775,12,3,2
806,807,0,1,35,2,39.0,0,0,13,0.0,12,3,2
807,808,0,3,661,1,18.0,0,0,337,7.775,138,3,1
808,809,0,2,535,2,39.0,0,0,155,13.0,138,3,2
809,810,1,1,153,1,33.0,1,0,52,53.1,138,3,2
810,811,0,3,11,2,26.0,0,0,340,7.8875,17,3,2
811,812,0,3,476,2,39.0,0,0,520,24.15,17,3,2
812,813,0,2,764,2,35.0,0,0,223,10.5,17,3,2
813,814,0,3,24,1,6.0,4,2,334,31.275,17,3,1
814,815,0,3,815,2,30.5,0,0,428,8.05,17,3,2
815,816,0,1,270,2,28.0,0,0,16,0.0,17,3,2
816,817,0,3,355,1,23.0,0,0,672,7.925,38,3,2
817,818,0,2,505,2,31.0,1,1,619,37.0042,38,1,2
818,819,0,3,372,2,43.0,0,0,544,6.45,38,3,2
819,820,0,3,757,2,10.0,3,2,338,27.9,38,3,1
820,821,1,1,350,1,52.0,1,1,68,93.5,38,3,2
821,822,1,3,494,2,27.0,0,0,270,8.6625,119,3,2
822,823,0,1,679,2,NaN,0,0,98,0.0,119,3,2
823,824,1,3,551,1,27.0,0,1,487,12.475,119,3,2
824,825,0,3,631,2,NaN,4,1,250,39.6875,22,3,1
825,826,0,3,251,2,28.0,0,0,449,6.95,22,2,2
826,827,0,3,454,2,28.0,0,0,81,56.4958,22,3,2
827,828,1,2,504,2,NaN,0,2,619,37.0042,22,1,1
828,829,1,3,517,2,28.0,0,0,443,7.75,22,2,2
829,830,1,1,786,1,62.0,0,0,33,80.0,22,4,2
830,831,1,3,877,1,15.0,1,0,189,14.4542,131,1,1
831,832,1,2,687,2,NaN,1,1,238,18.75,131,3,1
832,833,0,3,713,2,28.0,0,0,200,7.2292,131,1,2
833,834,0,3,50,2,23.0,0,0,343,7.8542,131,3,2
834,835,0,3,20,2,18.0,0,0,108,8.3,131,3,1
835,836,1,1,176,1,39.0,1,1,610,83.1583,131,1,2
836,837,0,3,639,2,21.0,0,0,269,8.6625,69,3,2
837,838,0,3,751,2,28.0,0,0,486,8.05,69,3,2
838,839,1,3,159,2,32.0,0,0,81,56.4958,69,3,2
839,840,1,1,509,2,28.0,0,0,63,29.7,69,1,2
840,841,0,3,12,2,20.0,0,0,648,7.925,87,3,2
841,842,0,2,565,2,16.0,0,0,620,10.5,87,3,1
842,843,1,1,735,1,30.0,0,0,48,31.0,87,1,2
843,844,0,3,472,2,34.5,0,0,206,6.4375,87,1,2
844,845,0,3,190,2,NaN,0,0,265,8.6625,87,3,1
845,846,0,3,1,2,42.0,0,0,564,7.55,87,3,2
846,847,0,3,721,2,28.0,8,2,569,69.55,87,3,2
847,848,0,3,510,2,35.0,0,0,360,7.8958,87,1,2
848,849,0,2,335,2,28.0,0,1,156,33.0,87,3,2
849,850,1,1,292,1,28.0,1,0,85,89.1042,87,1,2
850,851,0,3,23,2,4.0,4,2,334,31.275,100,3,1
851,852,0,3,796,2,74.0,0,0,318,7.775,100,3,2
852,853,0,3,98,1,9.0,1,1,204,15.2458,100,1,1
853,854,1,1,486,1,16.0,0,1,592,39.4,100,3,1
854,855,0,2,146,1,44.0,1,0,145,26.0,120,3,2
855,856,1,3,9,1,18.0,0,1,485,9.35,120,3,1
856,857,1,1,861,1,45.0,1,1,454,164.8667,120,3,2
857,858,1,1,197,2,51.0,0,0,24,26.55,120,3,2
858,859,1,3,57,1,24.0,0,3,195,19.2583,95,1,2
859,860,0,3,673,2,28.0,0,0,179,7.2292,95,1,2
860,861,0,3,326,2,NaN,2,0,400,14.1083,95,3,2
861,862,0,2,284,2,21.0,1,0,222,11.5,95,3,2
862,863,1,1,798,1,48.0,0,0,89,25.9292,95,3,2
863,864,0,3,719,1,28.0,8,2,569,69.55,7,3,2
864,865,0,2,286,2,24.0,0,0,121,13.0,7,3,2
865,866,1,2,123,1,42.0,0,0,127,13.0,7,3,2
866,867,1,2,231,1,27.0,1,0,633,13.8583,7,1,2
867,868,0,1,697,2,31.0,0,0,591,50.4958,7,3,2
868,869,0,3,891,2,28.0,0,0,310,9.5,103,3,2
869,870,1,3,408,2,4.0,1,1,345,11.1333,103,3,1
870,871,0,3,60,2,26.0,0,0,388,7.8958,103,3,2
871,872,1,1,80,1,47.0,1,1,55,52.5542,103,3,2
872,873,0,1,140,2,33.0,0,0,503,5.0,35,3,2
873,874,0,3,837,2,47.0,0,0,304,9.0,71,3,2
874,875,1,2,5,1,28.0,1,0,576,24.0,71,1,2
875,876,1,3,572,1,15.0,0,0,196,7.225,71,1,1
876,877,0,3,312,2,20.0,0,0,505,9.8458,71,3,2
877,878,0,3,658,2,19.0,0,0,359,7.8958,71,3,2
878,879,0,3,452,2,28.0,0,0,364,7.8958,71,3,2
879,880,1,1,669,1,56.0,0,1,60,83.1583,71,1,2
880,881,1,2,740,1,25.0,0,1,116,26.0,31,3,2
881,882,0,3,511,2,33.0,0,0,395,7.8958,31,3,2
882,883,0,3,194,1,22.0,0,0,509,10.5167,31,3,2
883,884,0,2,62,2,28.0,0,0,566,10.5,31,3,2
884,885,0,3,794,2,25.0,0,0,651,7.05,31,3,2
885,886,0,3,685,1,39.0,0,5,481,29.125,31,2,2
886,887,0,2,549,2,27.0,0,0,102,13.0,31,3,2
887,888,1,1,304,1,19.0,0,0,15,30.0,31,3,2
888,889,0,3,414,1,28.0,1,2,676,23.45,61,3,2
889,890,1,1,82,2,26.0,0,0,9,30.0,61,1,2
890,891,0,3,221,2,32.0,0,0,467,7.75,61,2,2
